"id","t","h","src"
"1.1",20,4.2,"gut"
"1.1",30,9.3,"gut"
"1.1",40,14.9,"gut"
"1.1",50,19.7,"gut"
"1.1",60,23,"gut"
"1.1",70,25.8,"gut"
"1.1",80,27.4,"gut"
"1.1",90,28.8,"gut"
"1.1",100,30,"gut"
"1.1",110,30.9,"gut"
"1.1",120,31.8,"gut"
"1.1",130,32.4,"gut"
"1.1",140,33.1,"gut"
"1.2",20,4.8,"gut"
"1.2",30,10.3,"gut"
"1.2",40,15.3,"gut"
"1.2",50,19.9,"gut"
"1.2",60,23.7,"gut"
"1.2",70,27.1,"gut"
"1.2",80,29.4,"gut"
"1.2",90,31.5,"gut"
"1.2",100,33.1,"gut"
"1.2",110,34.3,"gut"
"1.2",120,35.5,"gut"
"1.2",130,36.7,"gut"
"1.2",140,37.8,"gut"
"1.3",10,1.6,"gut"
"1.3",20,5.9,"gut"
"1.3",30,10.2,"gut"
"1.3",40,14,"gut"
"1.3",50,18.3,"gut"
"1.3",60,22.6,"gut"
"1.3",70,26.7,"gut"
"1.3",80,29.6,"gut"
"1.3",90,32,"gut"
"1.3",100,34,"gut"
"1.3",110,35.5,"gut"
"1.3",120,36.8,"gut"
"1.3",130,38.2,"gut"
"1.3",140,39.5,"gut"
"1.4",20,6.9,"gut"
"1.4",30,12.7,"gut"
"1.4",40,18.2,"gut"
"1.4",50,23.2,"gut"
"1.4",60,27.2,"gut"
"1.4",70,30.1,"gut"
"1.4",80,32.7,"gut"
"1.4",90,35,"gut"
"1.4",100,37,"gut"
"1.4",110,38.9,"gut"
"1.4",120,40.6,"gut"
"1.4",130,42.1,"gut"
"1.4",140,43.5,"gut"
"1.6",10,2,"gut"
"1.6",20,7.8,"gut"
"1.6",30,12.9,"gut"
"1.6",40,17.7,"gut"
"1.6",50,22.2,"gut"
"1.6",60,24.8,"gut"
"1.6",70,27.2,"gut"
"1.6",80,29.3,"gut"
"1.6",90,31.4,"gut"
"1.6",100,32.8,"gut"
"1.6",110,33.9,"gut"
"1.6",120,34.7,"gut"
"1.6",130,35.6,"gut"
"1.6",140,36.5,"gut"
"1.6",150,37.4,"gut"
"1.7",10,1.9,"gut"
"1.7",20,6.9,"gut"
"1.7",30,12.2,"gut"
"1.7",40,16.6,"gut"
"1.7",50,20.7,"gut"
"1.7",60,24.1,"gut"
"1.7",70,27.3,"gut"
"1.7",80,30.2,"gut"
"1.7",90,32.5,"gut"
"1.7",100,34.1,"gut"
"1.7",110,35.3,"gut"
"1.7",120,36.5,"gut"
"1.7",130,37.6,"gut"
"1.7",140,38.8,"gut"
"1.7",150,39.9,"gut"
"2.1",20,4.8,"gut"
"2.1",30,9.5,"gut"
"2.1",40,14.2,"gut"
"2.1",50,18.8,"gut"
"2.1",60,23.1,"gut"
"2.1",70,26.2,"gut"
"2.1",80,28.2,"gut"
"2.1",90,30.2,"gut"
"2.1",100,32.2,"gut"
"2.1",110,33.5,"gut"
"2.1",120,34.7,"gut"
"2.1",130,35.5,"gut"
"2.1",140,36.3,"gut"
"2.1",150,37.1,"gut"
"2.2",20,4,"gut"
"2.2",30,9.1,"gut"
"2.2",40,14.2,"gut"
"2.2",50,18.4,"gut"
"2.2",60,22.5,"gut"
"2.2",70,26,"gut"
"2.2",80,28.8,"gut"
"2.2",90,30.6,"gut"
"2.2",100,32.2,"gut"
"2.2",110,33.7,"gut"
"2.2",120,35,"gut"
"2.2",130,36.2,"gut"
"2.2",140,37.2,"gut"
"2.2",150,38.1,"gut"
"3.5",10,2,"gut"
"3.5",20,5.7,"gut"
"3.5",30,10.5,"gut"
"3.5",40,15.9,"gut"
"3.5",50,20.6,"gut"
"3.5",60,23.6,"gut"
"3.5",70,26.4,"gut"
"3.5",80,29.2,"gut"
"3.5",90,30.9,"gut"
"3.5",100,32.2,"gut"
"3.6",10,2.2,"gut"
"3.6",20,6.9,"gut"
"3.6",30,12.7,"gut"
"3.6",40,17.1,"gut"
"3.6",50,21.7,"gut"
"3.6",60,25.7,"gut"
"3.6",70,28.9,"gut"
"3.6",80,31.6,"gut"
"3.6",90,33.9,"gut"
"3.6",100,35.6,"gut"
"3.10",20,5.8,"gut"
"3.10",30,10.7,"gut"
"3.10",40,15.2,"gut"
"3.10",50,19.1,"gut"
"3.10",60,22.7,"gut"
"3.10",70,26.1,"gut"
"3.10",80,28,"gut"
"3.10",90,29.2,"gut"
"3.10",100,30.8,"gut"
"3.10",110,33.6,"gut"
"3.10",120,35.7,"gut"
"3.11",10,2.3,"gut"
"3.11",20,6.4,"gut"
"3.11",30,11.9,"gut"
"3.11",40,16.9,"gut"
"3.11",50,21.3,"gut"
"3.11",60,25.4,"gut"
"3.11",70,28.8,"gut"
"3.11",80,31.1,"gut"
"3.11",90,32.5,"gut"
"3.11",100,34,"gut"
"3.11",110,35.6,"gut"
"3.11",120,36.9,"gut"
"3.12",10,2,"gut"
"3.12",20,5.4,"gut"
"3.12",30,10.7,"gut"
"3.12",40,16.1,"gut"
"3.12",50,21,"gut"
"3.12",60,25.8,"gut"
"3.12",70,29.2,"gut"
"3.12",80,31.6,"gut"
"3.12",90,33.1,"gut"
"3.12",100,34.3,"gut"
"3.12",110,35.9,"gut"
"3.12",120,37.4,"gut"
"4.6",20,4.7,"gut"
"4.6",30,10.1,"gut"
"4.6",40,14.8,"gut"
"4.6",50,18.9,"gut"
"4.6",60,22.3,"gut"
"4.6",70,25.5,"gut"
"4.6",80,27.7,"gut"
"4.6",90,30.3,"gut"
"4.6",100,32.6,"gut"
"4.6",110,34.6,"gut"
"5.25",10,1.5,"gut"
"5.25",20,6.2,"gut"
"5.25",30,11.1,"gut"
"5.25",40,15.3,"gut"
"5.25",50,18.9,"gut"
"5.25",60,21.9,"gut"
"5.25",70,24.8,"gut"
"5.25",80,27.7,"gut"
"5.25",90,29.7,"gut"
"5.25",100,31.5,"gut"
"5.25",110,33.1,"gut"
"5.25",120,34.8,"gut"
"5.25",130,36.4,"gut"
"5.25",140,38,"gut"
"5.25",150,39.3,"gut"
"1.8",20,4.3,"gut"
"1.8",30,8.2,"gut"
"1.8",40,10.9,"gut"
"1.8",50,15.5,"gut"
"1.8",60,18.9,"gut"
"1.8",70,21.9,"gut"
"1.8",80,23.7,"gut"
"1.8",90,25.2,"gut"
"1.8",100,26.4,"gut"
"1.8",110,27.5,"gut"
"1.8",120,28.6,"gut"
"1.8",130,29.5,"gut"
"1.8",140,30.4,"gut"
"1.8",150,31.4,"gut"
"1.9",20,2.5,"gut"
"1.9",30,4.8,"gut"
"1.9",40,8,"gut"
"1.9",50,12.2,"gut"
"1.9",60,16.2,"gut"
"1.9",70,19.7,"gut"
"1.9",80,22.7,"gut"
"1.9",90,25.1,"gut"
"1.9",100,27.3,"gut"
"1.9",110,28.9,"gut"
"1.9",120,30.2,"gut"
"1.9",130,31.7,"gut"
"1.9",140,33.4,"gut"
"1.9",150,34.9,"gut"
"1.10",20,5,"gut"
"1.10",30,10.3,"gut"
"1.10",40,15.4,"gut"
"1.10",50,19.4,"gut"
"1.10",60,22.5,"gut"
"1.10",70,24.9,"gut"
"1.10",80,27.5,"gut"
"1.10",90,29.4,"gut"
"1.10",100,30.8,"gut"
"1.10",110,32,"gut"
"1.10",120,32.9,"gut"
"1.10",130,34.6,"gut"
"1.10",140,36.5,"gut"
"1.10",150,37.9,"gut"
"1.11",20,5.5,"gut"
"1.11",30,8.1,"gut"
"1.11",40,10.9,"gut"
"1.11",50,13.8,"gut"
"1.11",60,17,"gut"
"1.11",70,20.1,"gut"
"1.11",80,22.8,"gut"
"1.11",90,25.1,"gut"
"1.11",100,27.1,"gut"
"1.11",110,28.8,"gut"
"1.11",120,30.5,"gut"
"1.11",130,31.9,"gut"
"1.11",140,32.9,"gut"
"1.11",150,34.1,"gut"
"3.7",20,3.5,"gut"
"3.7",30,7.3,"gut"
"3.7",40,12,"gut"
"3.7",50,15.9,"gut"
"3.7",60,19.2,"gut"
"3.7",70,22.3,"gut"
"3.7",80,24.8,"gut"
"3.7",90,26.9,"gut"
"3.7",100,28.8,"gut"
"3.7",110,30.7,"gut"
"3.8",20,2.2,"gut"
"3.8",30,6.6,"gut"
"3.8",40,12.2,"gut"
"3.8",50,16.6,"gut"
"3.8",60,19.7,"gut"
"3.8",70,22.5,"gut"
"3.8",80,24.5,"gut"
"3.8",90,26.9,"gut"
"3.8",100,29,"gut"
"3.8",110,31.1,"gut"
"4.5",20,3.8,"gut"
"4.5",30,7.3,"gut"
"4.5",40,11.8,"gut"
"4.5",50,15.8,"gut"
"4.5",60,19.5,"gut"
"4.5",70,21.7,"gut"
"4.5",80,24.1,"gut"
"4.5",90,26.4,"gut"
"4.5",100,28.2,"gut"
"4.7",20,4,"gut"
"4.7",30,8.1,"gut"
"4.7",40,12.2,"gut"
"4.7",50,15.7,"gut"
"4.7",60,18.4,"gut"
"4.7",70,20.8,"gut"
"4.7",80,23.1,"gut"
"4.7",90,25.1,"gut"
"4.7",100,27,"gut"
"4.7",110,28.5,"gut"
"4.7",120,30,"gut"
"4.7",130,31.6,"gut"
"4.7",140,33.1,"gut"
"5.15",20,5.1,"gut"
"5.15",30,10.5,"gut"
"5.15",40,14.9,"gut"
"5.15",50,17.5,"gut"
"5.15",60,19.6,"gut"
"5.15",70,21.2,"gut"
"5.15",80,22.8,"gut"
"5.15",90,24.4,"gut"
"5.15",100,25.8,"gut"
"5.15",110,27,"gut"
"5.17",10,2.3,"gut"
"5.17",20,7.6,"gut"
"5.17",30,11.3,"gut"
"5.17",40,14.5,"gut"
"5.17",50,16.2,"gut"
"5.17",60,18,"gut"
"5.17",70,19.8,"gut"
"5.17",80,21.8,"gut"
"5.17",90,23.8,"gut"
"5.17",100,25.6,"gut"
"5.17",110,27.2,"gut"
"5.18",10,1.7,"gut"
"5.18",20,6.7,"gut"
"5.18",30,12.8,"gut"
"5.18",40,17,"gut"
"5.18",50,20.4,"gut"
"5.18",60,23.5,"gut"
"5.18",70,26,"gut"
"5.18",80,28,"gut"
"5.18",90,29.8,"gut"
"5.18",100,31.3,"gut"
"5.19",10,2,"gut"
"5.19",20,7.4,"gut"
"5.19",30,11.9,"gut"
"5.19",40,15.9,"gut"
"5.19",50,19,"gut"
"5.19",60,20.9,"gut"
"5.19",70,22.5,"gut"
"5.19",80,24.3,"gut"
"5.19",90,26.5,"gut"
"5.19",100,28.3,"gut"
"5.19",110,29.8,"gut"
"5.21",20,4.3,"gut"
"5.21",30,8.6,"gut"
"5.21",40,13.1,"gut"
"5.21",50,17.7,"gut"
"5.21",60,21.2,"gut"
"5.21",70,24.1,"gut"
"5.21",80,26.6,"gut"
"5.21",90,28.5,"gut"
"5.21",100,29.9,"gut"
"5.21",110,31.1,"gut"
"5.21",120,31.9,"gut"
"5.21",130,32.6,"gut"
"5.22",20,3.5,"gut"
"5.22",30,6.5,"gut"
"5.22",40,11.2,"gut"
"5.22",50,15.6,"gut"
"5.22",60,19.7,"gut"
"5.22",70,23.1,"gut"
"5.22",80,25.7,"gut"
"5.22",90,27.9,"gut"
"5.22",100,29.1,"gut"
"5.22",110,30.4,"gut"
"5.22",120,31.3,"gut"
"5.22",130,31.9,"gut"
"5.23",20,4.8,"gut"
"5.23",30,8.5,"gut"
"5.23",40,12.2,"gut"
"5.23",50,16,"gut"
"5.23",60,18.8,"gut"
"5.23",70,21.1,"gut"
"5.23",80,22.6,"gut"
"5.23",90,24.1,"gut"
"5.23",100,25.6,"gut"
"5.23",110,26.9,"gut"
"5.23",120,28,"gut"
"5.23",130,29.2,"gut"
"5.23",140,30.4,"gut"
"5.23",150,31.7,"gut"
"5.24",20,5,"gut"
"5.24",30,9.6,"gut"
"5.24",40,13.2,"gut"
"5.24",50,16.5,"gut"
"5.24",60,19.4,"gut"
"5.24",70,21.4,"gut"
"5.24",80,23,"gut"
"5.24",90,25.1,"gut"
"5.24",100,26.5,"gut"
"5.24",110,27.8,"gut"
"5.24",120,29.1,"gut"
"5.24",130,30.6,"gut"
"5.24",140,32.2,"gut"
"5.24",150,33.4,"gut"
"5.26",10,2,"gut"
"5.26",20,6,"gut"
"5.26",30,9.1,"gut"
"5.26",40,12.3,"gut"
"5.26",50,15.5,"gut"
"5.26",60,18.6,"gut"
"5.26",70,21,"gut"
"5.26",80,23.1,"gut"
"5.26",90,25.1,"gut"
"5.26",100,26.6,"gut"
"5.26",110,27.8,"gut"
"5.26",120,28.8,"gut"
"5.26",130,29.7,"gut"
"5.26",140,30.7,"gut"
"5.26",150,31.8,"gut"
"6.7",10,1.9,"gut"
"6.7",20,6.5,"gut"
"6.7",30,11,"gut"
"6.7",40,14,"gut"
"6.7",50,17.9,"gut"
"6.7",60,20.7,"gut"
"6.7",70,23,"gut"
"6.7",80,25.2,"gut"
"6.7",90,27.4,"gut"
"6.7",100,29.7,"gut"
"6.8",20,4.3,"gut"
"6.8",30,9.3,"gut"
"6.8",40,13,"gut"
"6.8",50,17.4,"gut"
"6.8",60,20.9,"gut"
"6.8",70,23.1,"gut"
"6.8",80,25.1,"gut"
"6.8",90,27.4,"gut"
"6.8",100,29.3,"gut"
"7.6",20,2.1,"gut"
"7.6",30,6.4,"gut"
"7.6",40,11,"gut"
"7.6",50,15,"gut"
"7.6",60,17.9,"gut"
"7.6",70,19.6,"gut"
"7.6",80,21.9,"gut"
"7.6",90,23.5,"gut"
"7.6",100,24.9,"gut"
"7.6",110,26.2,"gut"
"7.6",120,27.2,"gut"
"7.6",130,28.2,"gut"
"7.6",140,29.2,"gut"
"7.6",150,30.2,"gut"
"1.12",20,2.8,"gut"
"1.12",30,6.3,"gut"
"1.12",40,10,"gut"
"1.12",50,12.7,"gut"
"1.12",60,15.4,"gut"
"1.12",70,18.1,"gut"
"1.12",80,21.1,"gut"
"1.12",90,23.6,"gut"
"1.12",100,25.4,"gut"
"1.12",110,26.9,"gut"
"1.12",120,28.4,"gut"
"1.12",130,29.7,"gut"
"1.12",140,30.8,"gut"
"1.12",150,31.8,"gut"
"1.13",20,4.1,"gut"
"1.13",30,7.7,"gut"
"1.13",40,11.1,"gut"
"1.13",50,14.4,"gut"
"1.13",60,17.5,"gut"
"1.13",70,20.3,"gut"
"1.13",80,22.5,"gut"
"1.13",90,24.2,"gut"
"1.13",100,25.8,"gut"
"1.13",110,27.1,"gut"
"1.13",120,28.3,"gut"
"1.13",130,29.6,"gut"
"1.13",140,30.8,"gut"
"1.13",150,31.8,"gut"
"1.14",20,2.8,"gut"
"1.14",30,5.8,"gut"
"1.14",40,8.6,"gut"
"1.14",50,10.9,"gut"
"1.14",60,13,"gut"
"1.14",70,15.2,"gut"
"1.14",80,16.6,"gut"
"1.14",90,17.8,"gut"
"1.14",100,19.2,"gut"
"1.14",110,20.3,"gut"
"1.14",120,21,"gut"
"1.14",130,21.6,"gut"
"1.14",140,22.3,"gut"
"1.14",150,23,"gut"
"1.15",20,1.9,"gut"
"1.15",30,5,"gut"
"1.15",40,8.2,"gut"
"1.15",50,11,"gut"
"1.15",60,13.6,"gut"
"1.15",70,15.8,"gut"
"1.15",80,17.6,"gut"
"1.15",90,19.2,"gut"
"1.15",100,21,"gut"
"1.15",110,22.5,"gut"
"1.15",120,23.7,"gut"
"1.15",130,24.7,"gut"
"1.15",140,25.7,"gut"
"1.15",150,26.7,"gut"
"1.16",20,3,"gut"
"1.16",30,5.9,"gut"
"1.16",40,8.4,"gut"
"1.16",50,10.9,"gut"
"1.16",60,13.4,"gut"
"1.16",70,15.6,"gut"
"1.16",80,17.7,"gut"
"1.16",90,19.4,"gut"
"1.16",100,20.9,"gut"
"1.16",110,22.3,"gut"
"1.16",120,23.5,"gut"
"1.16",130,24.3,"gut"
"1.16",140,25,"gut"
"1.16",150,25.9,"gut"
"3.13",20,3.7,"gut"
"3.13",30,6.8,"gut"
"3.13",40,10.1,"gut"
"3.13",50,13.2,"gut"
"3.13",60,16.2,"gut"
"3.13",70,18.8,"gut"
"3.13",80,20.7,"gut"
"3.13",90,22.7,"gut"
"3.13",100,24.3,"gut"
"3.13",110,25.6,"gut"
"3.13",120,26.9,"gut"
"3.14",20,3.5,"gut"
"3.14",30,7,"gut"
"3.14",40,10.8,"gut"
"3.14",50,14.2,"gut"
"3.14",60,17,"gut"
"3.14",70,18.9,"gut"
"3.14",80,20.7,"gut"
"3.14",90,22.6,"gut"
"3.14",100,24.5,"gut"
"3.14",110,26.1,"gut"
"4.3",10,1.6,"gut"
"4.3",20,4.3,"gut"
"4.3",30,7.2,"gut"
"4.3",40,10.3,"gut"
"4.3",50,13,"gut"
"4.3",60,15.8,"gut"
"4.3",70,18.4,"gut"
"4.3",80,20.2,"gut"
"4.3",90,22.1,"gut"
"4.3",100,23.4,"gut"
"4.3",110,24.5,"gut"
"4.4",20,2.7,"gut"
"4.4",30,6.1,"gut"
"4.4",40,9.8,"gut"
"4.4",50,12.9,"gut"
"4.4",60,15.8,"gut"
"4.4",70,18,"gut"
"4.4",80,19.9,"gut"
"4.4",90,21.7,"gut"
"4.4",100,23.4,"gut"
"4.4",110,24.9,"gut"
"4.4",120,26,"gut"
"5.20",20,2.2,"gut"
"5.20",30,5.7,"gut"
"5.20",40,9.4,"gut"
"5.20",50,12.9,"gut"
"5.20",60,15.6,"gut"
"5.20",70,17.9,"gut"
"5.20",80,20.2,"gut"
"5.20",90,22.4,"gut"
"5.20",100,23.5,"gut"
"5.20",110,24.2,"gut"
"5.27",20,2,"gut"
"5.27",30,4,"gut"
"5.27",40,6.2,"gut"
"5.27",50,9.1,"gut"
"5.27",60,12.5,"gut"
"5.27",70,15.8,"gut"
"5.27",80,18.4,"gut"
"5.27",90,20.6,"gut"
"5.27",100,21.9,"gut"
"5.27",110,23,"gut"
"5.27",120,24.1,"gut"
"5.27",130,25.3,"gut"
"5.27",140,26.4,"gut"
"5.28",30,2.9,"gut"
"5.28",40,4.9,"gut"
"5.28",50,7.9,"gut"
"5.28",60,10.9,"gut"
"5.28",70,14.2,"gut"
"5.28",80,17.7,"gut"
"5.28",90,20.3,"gut"
"5.28",100,22.1,"gut"
"5.28",110,23.2,"gut"
"5.28",120,24.1,"gut"
"5.28",130,25,"gut"
"5.28",140,25.8,"gut"
"5.28",150,26.6,"gut"
"5.29",20,1.8,"gut"
"5.29",30,3.5,"gut"
"5.29",40,5.7,"gut"
"5.29",50,8.2,"gut"
"5.29",60,11.1,"gut"
"5.29",70,13.8,"gut"
"5.29",80,16,"gut"
"5.29",90,18.1,"gut"
"5.29",100,19.7,"gut"
"5.29",110,21.3,"gut"
"5.29",120,22.6,"gut"
"5.29",130,23.8,"gut"
"5.29",140,25,"gut"
"5.29",150,26.1,"gut"
"5.30",20,1.9,"gut"
"5.30",30,3.1,"gut"
"5.30",40,6.3,"gut"
"5.30",50,9.7,"gut"
"5.30",60,11.9,"gut"
"5.30",70,13.9,"gut"
"5.30",80,15.7,"gut"
"5.30",90,17.4,"gut"
"5.30",100,18.8,"gut"
"5.30",110,20.2,"gut"
"5.30",120,21.4,"gut"
"5.30",130,22.6,"gut"
"5.30",140,23.8,"gut"
"5.30",150,24.9,"gut"
"5.31",20,1.6,"gut"
"5.31",30,4.5,"gut"
"5.31",40,8.2,"gut"
"5.31",50,10.8,"gut"
"5.31",60,12.7,"gut"
"5.31",70,15.4,"gut"
"5.31",80,17.9,"gut"
"5.31",90,19.8,"gut"
"5.31",100,21.7,"gut"
"5.31",110,23.7,"gut"
"5.31",120,25.4,"gut"
"5.31",130,26.9,"gut"
"5.31",140,28.3,"gut"
"5.31",150,29.5,"gut"
"6.10",20,3.5,"gut"
"6.10",30,5.6,"gut"
"6.10",40,8.4,"gut"
"6.10",50,11.1,"gut"
"6.10",60,13.4,"gut"
"6.10",70,15.2,"gut"
"6.10",80,17.1,"gut"
"6.10",90,18.8,"gut"
"6.10",100,20.6,"gut"
"6.10",110,22.3,"gut"
"7.1",20,3.6,"gut"
"7.1",30,6.4,"gut"
"7.1",40,8.8,"gut"
"7.1",50,11.2,"gut"
"7.1",60,13.1,"gut"
"7.1",70,14.8,"gut"
"7.1",80,16.3,"gut"
"7.1",90,17.7,"gut"
"7.1",100,19.3,"gut"
"7.1",110,21.1,"gut"
"7.1",120,22.7,"gut"
"7.10",20,3.6,"gut"
"7.10",30,7,"gut"
"7.10",40,10.5,"gut"
"7.10",50,14,"gut"
"7.10",60,16.7,"gut"
"7.10",70,18.3,"gut"
"7.10",80,19.7,"gut"
"7.10",90,21.1,"gut"
"7.10",100,22.2,"gut"
"7.10",110,23.6,"gut"
"7.10",120,24.7,"gut"
"7.10",130,25.8,"gut"
"7.10",140,26.5,"gut"
"7.10",150,27.3,"gut"
"5.34",30,3.3,"gut"
"5.34",40,6.3,"gut"
"5.34",50,9.1,"gut"
"5.34",60,11.7,"gut"
"5.34",70,13.5,"gut"
"5.34",80,14.9,"gut"
"5.34",90,16.2,"gut"
"5.34",100,17.7,"gut"
"5.34",110,19.6,"gut"
"5.34",120,20.8,"gut"
"5.35",20,1.8,"gut"
"5.35",30,5,"gut"
"5.35",40,7.2,"gut"
"5.35",50,10.3,"gut"
"5.35",60,13,"gut"
"5.35",70,15.1,"gut"
"5.35",80,16.9,"gut"
"5.35",90,18.7,"gut"
"5.35",100,20.3,"gut"
"5.35",110,21.6,"gut"
"5.36",20,3.3,"gut"
"5.36",30,5.8,"gut"
"5.36",40,7.5,"gut"
"5.36",50,8.7,"gut"
"5.36",60,9.8,"gut"
"5.36",70,10.9,"gut"
"5.36",80,11.9,"gut"
"5.36",90,13.1,"gut"
"5.36",100,14.3,"gut"
"5.36",110,15.4,"gut"
"5.37",20,2.8,"gut"
"5.37",30,4.8,"gut"
"5.37",40,7.2,"gut"
"5.37",50,9.5,"gut"
"5.37",60,11.8,"gut"
"5.37",70,13,"gut"
"5.37",80,14.7,"gut"
"5.37",90,15.8,"gut"
"5.37",100,17.4,"gut"
"5.37",110,18.7,"gut"
"5.37",120,19.8,"gut"
"5.37",130,20.9,"gut"
"5.38",20,2.6,"gut"
"5.38",30,4.7,"gut"
"5.38",40,7.2,"gut"
"5.38",50,9.8,"gut"
"5.38",60,12,"gut"
"5.38",70,13.8,"gut"
"5.38",80,15.2,"gut"
"5.38",90,16.6,"gut"
"5.38",100,18.1,"gut"
"5.38",110,19.5,"gut"
"5.38",120,20.9,"gut"
"5.39",20,4.1,"gut"
"5.39",30,6.7,"gut"
"5.39",40,9.2,"gut"
"5.39",50,11.5,"gut"
"5.39",60,13.7,"gut"
"5.39",70,15.7,"gut"
"5.39",80,17.2,"gut"
"5.39",90,18.6,"gut"
"5.39",100,20.3,"gut"
"5.39",110,21.9,"gut"
"5.39",120,23.1,"gut"
"5.40",20,2.1,"gut"
"5.40",30,5,"gut"
"5.40",40,7.7,"gut"
"5.40",50,9.9,"gut"
"5.40",60,11.9,"gut"
"5.40",70,13.7,"gut"
"5.40",80,14.7,"gut"
"5.40",90,15.7,"gut"
"5.40",100,16.5,"gut"
"5.40",110,17.4,"gut"
"5.40",120,18.2,"gut"
"5.40",130,18.9,"gut"
"5.40",140,19.6,"gut"
"5.40",150,20.1,"gut"
"5.41",20,1.9,"gut"
"5.41",30,3.6,"gut"
"5.41",40,5.3,"gut"
"5.41",50,7.2,"gut"
"5.41",60,9.2,"gut"
"5.41",70,11.2,"gut"
"5.41",80,12.9,"gut"
"5.41",90,14.5,"gut"
"5.41",100,15.9,"gut"
"5.41",110,17.2,"gut"
"5.41",120,18.6,"gut"
"5.41",130,19.9,"gut"
"5.41",140,21,"gut"
"5.41",150,22,"gut"
"5.42",20,2.4,"gut"
"5.42",30,3.8,"gut"
"5.42",40,5.7,"gut"
"5.42",50,8.4,"gut"
"5.42",60,10.9,"gut"
"5.42",70,13,"gut"
"5.42",80,14.8,"gut"
"5.42",90,16.5,"gut"
"5.42",100,18,"gut"
"5.42",110,19.2,"gut"
"5.42",120,20.4,"gut"
"5.42",130,21.5,"gut"
"5.42",140,22.5,"gut"
"5.42",150,23.3,"gut"
"5.43",30,3.1,"gut"
"5.43",40,4.6,"gut"
"5.43",50,7.5,"gut"
"5.43",60,9.8,"gut"
"5.43",70,11.7,"gut"
"5.43",80,13.6,"gut"
"5.43",90,15.5,"gut"
"5.43",100,17,"gut"
"5.43",110,18.6,"gut"
"5.43",120,20.3,"gut"
"5.43",130,21.5,"gut"
"5.43",140,22.7,"gut"
"5.43",150,23.7,"gut"
"5.44",20,3,"gut"
"5.44",30,5.1,"gut"
"5.44",40,7.4,"gut"
"5.44",50,9.5,"gut"
"5.44",60,11.6,"gut"
"5.44",70,13.4,"gut"
"5.44",80,15,"gut"
"5.44",90,16.8,"gut"
"5.44",100,18,"gut"
"5.44",110,19.1,"gut"
"5.44",120,20.2,"gut"
"5.44",130,21.2,"gut"
"5.44",140,22.2,"gut"
"5.44",150,23.1,"gut"
"5.45",20,2.8,"gut"
"5.45",30,5,"gut"
"5.45",40,7.1,"gut"
"5.45",50,8.9,"gut"
"5.45",60,10.9,"gut"
"5.45",70,12.9,"gut"
"5.45",80,14.4,"gut"
"5.45",90,15.7,"gut"
"5.45",100,16.9,"gut"
"5.45",110,18.2,"gut"
"5.45",120,19.2,"gut"
"5.45",130,20.4,"gut"
"5.45",140,22.1,"gut"
"5.45",150,23.5,"gut"
"5.46",20,2.5,"gut"
"5.46",30,5,"gut"
"5.46",40,7.3,"gut"
"5.46",50,9.3,"gut"
"5.46",60,11.1,"gut"
"5.46",70,12.3,"gut"
"5.46",80,13.8,"gut"
"5.46",90,15.7,"gut"
"5.46",100,17.4,"gut"
"5.46",110,18.6,"gut"
"5.46",120,19.6,"gut"
"5.46",130,20.6,"gut"
"5.46",140,22,"gut"
"5.46",150,24.2,"gut"
"5.47",20,3.8,"gut"
"5.47",30,6.4,"gut"
"5.47",40,8.5,"gut"
"5.47",50,10.4,"gut"
"5.47",60,12.6,"gut"
"5.47",70,14.6,"gut"
"5.47",80,16.7,"gut"
"5.47",90,18.9,"gut"
"5.47",100,20.7,"gut"
"5.47",110,22.6,"gut"
"5.47",120,24.3,"gut"
"5.47",130,25.9,"gut"
"5.47",140,27.4,"gut"
"5.47",150,28.9,"gut"
"5.48",20,2.1,"gut"
"5.48",30,5.3,"gut"
"5.48",40,8.1,"gut"
"5.48",50,10.4,"gut"
"5.48",60,12.5,"gut"
"5.48",70,14.1,"gut"
"5.48",80,15.4,"gut"
"5.48",90,16.6,"gut"
"5.48",100,17.7,"gut"
"5.48",110,18.8,"gut"
"5.48",120,19.7,"gut"
"5.48",130,20,"gut"
"5.48",140,21.5,"gut"
"5.48",150,22.2,"gut"
"6.11",20,2.1,"gut"
"6.11",30,3.6,"gut"
"6.11",40,5.4,"gut"
"6.11",50,7.7,"gut"
"6.11",60,10.1,"gut"
"6.11",70,11.8,"gut"
"6.11",80,13.3,"gut"
"6.11",90,14.7,"gut"
"6.11",100,16,"gut"
"6.11",110,17.1,"gut"
"6.11",120,18,"gut"
"6.11",130,18.8,"gut"
"6.11",140,19.5,"gut"
"6.11",150,20.1,"gut"
"6.12",20,2.5,"gut"
"6.12",30,5.2,"gut"
"6.12",40,6.9,"gut"
"6.12",50,8.4,"gut"
"6.12",60,10,"gut"
"6.12",70,12.1,"gut"
"6.12",80,13.8,"gut"
"6.12",90,15.1,"gut"
"6.12",100,16.4,"gut"
"6.12",110,17.7,"gut"
"6.12",120,19,"gut"
"6.12",130,20.6,"gut"
"6.12",140,22.2,"gut"
"6.12",150,23.6,"gut"
"7.13",20,2.6,"gut"
"7.13",30,5.2,"gut"
"7.13",40,7.3,"gut"
"7.13",50,9.3,"gut"
"7.13",60,10.7,"gut"
"7.13",70,11.8,"gut"
"7.13",80,12.8,"gut"
"7.13",90,13.7,"gut"
"7.13",100,14.5,"gut"
"7.13",110,15.5,"gut"
"7.13",120,16.9,"gut"
"7.14",20,2.5,"gut"
"7.14",30,5.4,"gut"
"7.14",40,8.3,"gut"
"7.14",50,10.2,"gut"
"7.14",60,11.5,"gut"
"7.14",70,12.6,"gut"
"7.14",80,13.6,"gut"
"7.14",90,14.6,"gut"
"7.14",100,15.6,"gut"
"7.14",110,17,"gut"
"7.14",120,18.3,"gut"
"7.15",20,3.3,"gut"
"7.15",30,6.2,"gut"
"7.15",40,9,"gut"
"7.15",50,10.9,"gut"
"7.15",60,12.3,"gut"
"7.15",70,13.6,"gut"
"7.15",80,15,"gut"
"7.15",90,16.5,"gut"
"7.15",100,18.3,"gut"
"7.15",110,19.9,"gut"
"7.15",120,21.6,"gut"
"4.8",30,3.8,"gut"
"4.8",40,5.2,"gut"
"4.8",50,6.5,"gut"
"4.8",60,8.1,"gut"
"4.8",70,10.2,"gut"
"4.8",80,12.1,"gut"
"4.8",90,13.6,"gut"
"4.8",100,14.7,"gut"
"4.8",110,15.7,"gut"
"4.8",120,16.2,"gut"
"4.8",130,16.7,"gut"
"4.8",140,17.3,"gut"
"4.8",150,17.8,"gut"
"4.9",30,3.2,"gut"
"4.9",40,5.5,"gut"
"4.9",50,6.9,"gut"
"4.9",60,8.1,"gut"
"4.9",70,9.8,"gut"
"4.9",80,11.3,"gut"
"4.9",90,13.2,"gut"
"4.9",100,15.4,"gut"
"4.9",110,16.8,"gut"
"4.9",120,17.7,"gut"
"4.9",130,18.5,"gut"
"4.9",140,19.3,"gut"
"4.9",150,20.1,"gut"
"4.10",30,3.3,"gut"
"4.10",40,5.9,"gut"
"4.10",50,8.6,"gut"
"4.10",60,10.9,"gut"
"4.10",70,12.7,"gut"
"4.10",80,14.7,"gut"
"4.10",90,16.5,"gut"
"4.10",100,17.9,"gut"
"4.10",110,19.1,"gut"
"4.10",120,20.1,"gut"
"4.10",130,21,"gut"
"4.10",140,21.7,"gut"
"4.10",150,22.3,"gut"
"5.32",30,2.2,"gut"
"5.32",40,4.9,"gut"
"5.32",50,8.1,"gut"
"5.32",60,10.6,"gut"
"5.32",70,12.2,"gut"
"5.32",80,13.6,"gut"
"5.32",90,14.9,"gut"
"5.32",100,16,"gut"
"5.33",30,2.6,"gut"
"5.33",40,3.6,"gut"
"5.33",50,4.6,"gut"
"5.33",60,5.7,"gut"
"5.33",70,6.9,"gut"
"5.33",80,8.6,"gut"
"5.33",90,10.3,"gut"
"5.33",100,12.2,"gut"
"5.33",110,13.7,"gut"
"5.33",120,15,"gut"
"5.33",130,16.2,"gut"
"7.12",20,1.9,"gut"
"7.12",30,3.2,"gut"
"7.12",40,4.4,"gut"
"7.12",50,5.6,"gut"
"7.12",60,6.9,"gut"
"7.12",70,8.5,"gut"
"7.12",80,10,"gut"
"7.12",90,11.3,"gut"
"7.12",100,12.6,"gut"
"7.12",110,14.1,"gut"
"7.12",120,15.4,"gut"
"7.20",40,2,"gut"
"7.20",50,2.7,"gut"
"7.20",60,3.5,"gut"
"7.20",70,4.4,"gut"
"7.20",80,5.4,"gut"
"7.20",90,6.5,"gut"
"7.20",100,7.7,"gut"
"7.20",110,8.8,"gut"
"7.20",120,9.7,"gut"
"7.20",130,10.4,"gut"
"7.20",140,11.1,"gut"
"7.20",150,11.9,"gut"
"7.21",30,2.5,"gut"
"7.21",40,3.7,"gut"
"7.21",50,4.7,"gut"
"7.21",60,5.7,"gut"
"7.21",70,6.7,"gut"
"7.21",80,7.9,"gut"
"7.21",90,8.8,"gut"
"7.21",100,9.7,"gut"
"7.21",110,10.3,"gut"
"7.21",120,10.9,"gut"
"7.21",130,11.5,"gut"
"7.21",140,12.2,"gut"
"7.21",150,12.9,"gut"
"1.1",10,1.2,"gut"
"1.2",10,1,"gut"
"1.4",10,1.2,"gut"
"2.1",10,1,"gut"
"2.2",10,0.9,"gut"
"3.10",10,1.3,"gut"
"4.6",10,1.1,"gut"
"1.8",10,1.3,"gut"
"1.9",10,0.9,"gut"
"1.10",10,1.3,"gut"
"1.11",10,1.3,"gut"
"3.7",10,1.2,"gut"
"3.8",10,0.9,"gut"
"4.5",10,0.9,"gut"
"4.7",10,0.9,"gut"
"6.8",10,1.2,"gut"
"5.15",10,1.2,"gut"
"5.21",10,1.1,"gut"
"5.22",10,1.1,"gut"
"5.23",10,1.3,"gut"
"5.24",10,1.3,"gut"
"7.6",10,0.7,"gut"
"1.12",10,1,"gut"
"1.13",10,1.3,"gut"
"1.14",10,1.2,"gut"
"1.15",10,0.6,"gut"
"1.16",10,1.1,"gut"
"3.13",10,1.2,"gut"
"3.14",10,1.3,"gut"
"4.4",10,0.8,"gut"
"6.10",10,1.1,"gut"
"5.20",10,0.4,"gut"
"5.28",20,1.2,"gut"
"5.29",10,0.6,"gut"
"5.30",10,0.8,"gut"
"5.31",10,0.4,"gut"
"7.1",10,1.1,"gut"
"7.10",10,1,"gut"
"6.11",10,1,"gut"
"6.12",10,0.8,"gut"
"5.34",10,0.4,"gut"
"5.34",20,1.3,"gut"
"5.35",10,0.4,"gut"
"5.36",10,1.2,"gut"
"5.37",10,1,"gut"
"5.38",10,0.8,"gut"
"5.39",10,1.1,"gut"
"5.40",10,0.6,"gut"
"5.41",10,0.7,"gut"
"5.42",10,0.8,"gut"
"5.43",10,0.7,"gut"
"5.43",20,1.3,"gut"
"5.44",10,1.1,"gut"
"5.45",10,1,"gut"
"5.46",10,0.8,"gut"
"5.47",10,1.2,"gut"
"5.48",10,0.8,"gut"
"7.13",10,1,"gut"
"7.14",10,0.9,"gut"
"7.15",10,1.1,"gut"
"4.8",20,1.3,"gut"
"4.9",20,1.2,"gut"
"4.10",20,1.3,"gut"
"5.32",10,0.4,"gut"
"5.32",20,1,"gut"
"5.33",10,0.6,"gut"
"5.33",20,1.3,"gut"
"7.12",10,0.8,"gut"
"7.20",20,0.7,"gut"
"7.20",30,1.3,"gut"
"7.21",20,1.3,"gut"
"1.1",0,0,"gut"
"1.2",0,0,"gut"
"1.3",0,0,"gut"
"1.4",0,0,"gut"
"1.6",0,0,"gut"
"1.7",0,0,"gut"
"2.1",0,0,"gut"
"2.2",0,0,"gut"
"3.5",0,0,"gut"
"3.6",0,0,"gut"
"3.10",0,0,"gut"
"3.11",0,0,"gut"
"3.12",0,0,"gut"
"4.6",0,0,"gut"
"5.25",0,0,"gut"
"1.8",0,0,"gut"
"1.9",0,0,"gut"
"1.10",0,0,"gut"
"1.11",0,0,"gut"
"3.7",0,0,"gut"
"3.8",0,0,"gut"
"4.5",0,0,"gut"
"4.7",0,0,"gut"
"5.15",0,0,"gut"
"5.17",0,0,"gut"
"5.18",0,0,"gut"
"5.19",0,0,"gut"
"5.21",0,0,"gut"
"5.22",0,0,"gut"
"5.23",0,0,"gut"
"5.24",0,0,"gut"
"5.26",0,0,"gut"
"6.7",0,0,"gut"
"6.8",0,0,"gut"
"7.6",0,0,"gut"
"1.12",0,0,"gut"
"1.13",0,0,"gut"
"1.14",0,0,"gut"
"1.15",0,0,"gut"
"1.16",0,0,"gut"
"3.13",0,0,"gut"
"3.14",0,0,"gut"
"4.3",0,0,"gut"
"4.4",0,0,"gut"
"5.20",0,0,"gut"
"5.27",0,0,"gut"
"5.28",0,0,"gut"
"5.29",0,0,"gut"
"5.30",0,0,"gut"
"5.31",0,0,"gut"
"6.10",0,0,"gut"
"7.1",0,0,"gut"
"7.10",0,0,"gut"
"5.34",0,0,"gut"
"5.35",0,0,"gut"
"5.36",0,0,"gut"
"5.37",0,0,"gut"
"5.38",0,0,"gut"
"5.39",0,0,"gut"
"5.40",0,0,"gut"
"5.41",0,0,"gut"
"5.42",0,0,"gut"
"5.43",0,0,"gut"
"5.44",0,0,"gut"
"5.45",0,0,"gut"
"5.46",0,0,"gut"
"5.47",0,0,"gut"
"5.48",0,0,"gut"
"6.11",0,0,"gut"
"6.12",0,0,"gut"
"7.13",0,0,"gut"
"7.14",0,0,"gut"
"7.15",0,0,"gut"
"4.8",0,0,"gut"
"4.9",0,0,"gut"
"4.10",0,0,"gut"
"5.32",0,0,"gut"
"5.33",0,0,"gut"
"7.12",0,0,"gut"
"7.20",0,0,"gut"
"7.21",0,0,"gut"
"arn_4701_15",2,0.21,"jrm"
"arn_4701_15",11,1.3,"jrm"
"arn_4701_15",22,5.4,"jrm"
"arn_4701_15",34,9.5,"jrm"
"arn_4701_15",51,13.6,"jrm"
"arn_4701_15",66,17.7,"jrm"
"arn_4701_15",75,21.8,"jrm"
"arn_4701_15",80,22.8,"jrm"
"arn_4701_15",99,23.8,"jrm"
"arn_4701_15",103,24.8,"jrm"
"arn_4701_15",105,25.8,"jrm"
"arn_4701_15",107,26.8,"jrm"
"bri_4_1",3,0.5,"jrm"
"bri_4_1",7,1.3,"jrm"
"bri_4_1",32,5.5,"jrm"
"bri_4_1",47,10.9,"jrm"
"bri_4_1",60,15.15,"jrm"
"bri_4_1",84,19.8,"jrm"
"bri_4_1",102,23.95,"jrm"
"bri_4_1",122,27.8,"jrm"
"bri_4_1",134,30.2,"jrm"
"bri_4_1",141,31.55,"jrm"
"bri_4_1",147,32.6,"jrm"
"bri_4_1",150,33.25,"jrm"
"gla_2_6",1,0.25,"jrm"
"gla_2_6",6,1.3,"jrm"
"gla_2_6",17,5.45,"jrm"
"gla_2_6",26,9.8,"jrm"
"gla_2_6",36,14.2,"jrm"
"gla_2_6",45,17.4,"jrm"
"gla_2_6",51,19.5,"jrm"
"gla_2_6",59,21.4,"jrm"
"gla_2_6",79,24.35,"jrm"
"gla_2_6",83,24.9,"jrm"
"gla_2_6",92,25.8,"jrm"
"gla_2_6",100,26.6,"jrm"
"gla_3_2",2,0.5,"jrm"
"gla_3_2",5,1.3,"jrm"
"gla_3_2",22,5.65,"jrm"
"gla_3_2",38,9.8,"jrm"
"gla_3_2",56,14,"jrm"
"gla_3_2",66,16,"jrm"
"gla_3_2",77,17.5,"jrm"
"gla_3_2",89,18.8,"jrm"
"gla_3_2",95,19.75,"jrm"
"gla_3_2",104,20.5,"jrm"
"gla_3_2",109,21.05,"jrm"
"h50_3_120",1,0.4,"jrm"
"h50_3_120",4,1.3,"jrm"
"h50_3_120",14,7.4,"jrm"
"h50_3_120",24,12.5,"jrm"
"h50_3_120",43,21.63,"jrm"
"h50_3_120",58,26.8,"jrm"
"h50_3_120",71,29.05,"jrm"
"h50_3_120",82,31.12,"jrm"
"h50_3_120",96,33.71,"jrm"
"h50_3_120",104,34.47,"jrm"
"h54_1_111",3,0.45,"jrm"
"h54_1_111",10,1.3,"jrm"
"h54_1_111",23,9.5,"jrm"
"h54_1_111",37,17.67,"jrm"
"h54_1_111",55,25.95,"jrm"
"h54_1_111",69,29.95,"jrm"
"h54_1_111",83,33,"jrm"
"h54_1_111",96,35.46,"jrm"
"h54_1_111",106,36.5,"jrm"
"hob_2_6",1,0.5,"jrm"
"hob_2_6",3,1.3,"jrm"
"hob_2_6",12,5.95,"jrm"
"hob_2_6",21,10.75,"jrm"
"hob_2_6",31,15.4,"jrm"
"hob_2_6",45,20.2,"jrm"
"hob_2_6",62,24.85,"jrm"
"hob_2_6",77,28.05,"jrm"
"hob_2_6",86,30.1,"jrm"
"hob_2_6",92,31.1,"jrm"
"hob_2_6",98,32.35,"jrm"
"hob_2_6",100,33,"jrm"
"hob_2_7",1,0.5,"jrm"
"hob_2_7",2,1.3,"jrm"
"hob_2_7",10,5.95,"jrm"
"hob_2_7",20,10.6,"jrm"
"hob_2_7",33,15.25,"jrm"
"hob_2_7",49,19.95,"jrm"
"hob_2_7",67,24.7,"jrm"
"hob_2_7",75,27.2,"jrm"
"hob_2_7",78,28.2,"jrm"
"hob_2_7",82,29.2,"jrm"
"hob_2_7",88,30.2,"jrm"
"hob_2_7",98,31.7,"jrm"
"hob_2_7",101,32.35,"jrm"
"hob_2_8",1,0.5,"jrm"
"hob_2_8",3,1.3,"jrm"
"hob_2_8",13,5.95,"jrm"
"hob_2_8",19,10.6,"jrm"
"hob_2_8",28,15.25,"jrm"
"hob_2_8",40,19.9,"jrm"
"hob_2_8",54,24.55,"jrm"
"hob_2_8",71,29.2,"jrm"
"hob_2_8",83,32.3,"jrm"
"hob_2_8",87,33.35,"jrm"
"hob_2_8",93,34.35,"jrm"
"hob_2_8",100,35.45,"jrm"
"hob_2_8",102,36,"jrm"
"hob_5_21",2,0.5,"jrm"
"hob_5_21",6,1.3,"jrm"
"hob_5_21",22,6,"jrm"
"hob_5_21",34,10.65,"jrm"
"hob_5_21",44,15.3,"jrm"
"hob_5_21",55,19.95,"jrm"
"hob_5_21",72,24.55,"jrm"
"hob_5_21",84,27.75,"jrm"
"hob_5_21",91,29.75,"jrm"
"hob_5_21",94,31,"jrm"
"hob_5_21",96,32,"jrm"
"hob_5_21",100,33,"jrm"
"hob_5_21",101,33.6,"jrm"
"hob_6_27",3,0.5,"jrm"
"hob_6_27",9,1.3,"jrm"
"hob_6_27",19,5.4,"jrm"
"hob_6_27",30,9.5,"jrm"
"hob_6_27",43,13.7,"jrm"
"hob_6_27",52,17.8,"jrm"
"hob_6_27",66,21.9,"jrm"
"hob_6_27",80,25,"jrm"
"hob_6_27",85,26.05,"jrm"
"hob_6_27",89,27.1,"jrm"
"hob_6_27",98,28.6,"jrm"
"hob_6_27",101,29.05,"jrm"
"hob_6_27",104,29.75,"jrm"
"kon_12_1",2,0.5,"jrm"
"kon_12_1",5,1.3,"jrm"
"kon_12_1",15,6,"jrm"
"kon_12_1",23,10.7,"jrm"
"kon_12_1",37,15.9,"jrm"
"kon_12_1",52,21.25,"jrm"
"kon_12_1",69,25.45,"jrm"
"kon_12_1",87,28.6,"jrm"
"kon_12_1",99,30.1,"jrm"
"kon_12_1",110,31.45,"jrm"
"kon_12_2",1,0.5,"jrm"
"kon_12_2",3,1.3,"jrm"
"kon_12_2",14,6.55,"jrm"
"kon_12_2",23,11.75,"jrm"
"kon_12_2",32,16.95,"jrm"
"kon_12_2",45,22.15,"jrm"
"kon_12_2",61,26.4,"jrm"
"kon_12_2",78,29.45,"jrm"
"kon_12_2",89,32.05,"jrm"
"kon_12_2",102,34,"jrm"
"kon_12_3",1,0.4,"jrm"
"kon_12_3",4,1.3,"jrm"
"kon_12_3",12,6,"jrm"
"kon_12_3",23,10.7,"jrm"
"kon_12_3",33,15.85,"jrm"
"kon_12_3",44,21,"jrm"
"kon_12_3",63,26.3,"jrm"
"kon_12_3",86,31.7,"jrm"
"kon_12_3",101,34.75,"jrm"
"kon_12_3",109,36.25,"jrm"
"kon_17_2",2,0.5,"jrm"
"kon_17_2",5,1.3,"jrm"
"kon_17_2",19,7.5,"jrm"
"kon_17_2",34,13.7,"jrm"
"kon_17_2",54,19.9,"jrm"
"kon_17_2",86,25.1,"jrm"
"kon_17_2",105,27.55,"jrm"
"kon_17_2",120,29.2,"jrm"
"kon_17_2",134,31,"jrm"
"kon_6_2",2,0.5,"jrm"
"kon_6_2",5,1.3,"jrm"
"kon_6_2",13,6.5,"jrm"
"kon_6_2",19,11.7,"jrm"
"kon_6_2",26,16.9,"jrm"
"kon_6_2",37,22.1,"jrm"
"kon_6_2",47,26.25,"jrm"
"kon_6_2",59,29.45,"jrm"
"kon_6_2",73,31.75,"jrm"
"kon_6_2",84,33.35,"jrm"
"kon_6_2",94,34.75,"jrm"
"kon_6_2",100,35.9,"jrm"
"kon_6_2",108,37,"jrm"
"kon_6_5",2,0.5,"jrm"
"kon_6_5",5,1.3,"jrm"
"kon_6_5",15,6.5,"jrm"
"kon_6_5",23,11.7,"jrm"
"kon_6_5",33,17,"jrm"
"kon_6_5",44,21.25,"jrm"
"kon_6_5",52,24.2,"jrm"
"kon_6_5",68,28.2,"jrm"
"kon_6_5",85,30.75,"jrm"
"kon_6_5",100,33.05,"jrm"
"kon_6_5",111,34.75,"jrm"
"kon_8_3",2,0.5,"jrm"
"kon_8_3",5,1.3,"jrm"
"kon_8_3",16,6.5,"jrm"
"kon_8_3",28,11.7,"jrm"
"kon_8_3",42,16.9,"jrm"
"kon_8_3",56,21.1,"jrm"
"kon_8_3",79,25.3,"jrm"
"kon_8_3",91,28.15,"jrm"
"kon_8_3",101,29.9,"jrm"
"kon_8_3",113,32.05,"jrm"
"mur_1_2",1,0.35,"jrm"
"mur_1_2",5,1.3,"jrm"
"mur_1_2",20,5.45,"jrm"
"mur_1_2",32,9.6,"jrm"
"mur_1_2",50,13.75,"jrm"
"mur_1_2",58,15.9,"jrm"
"mur_1_2",65,18.02,"jrm"
"mur_1_2",70,19.1,"jrm"
"mur_1_2",78,20.6,"jrm"
"mur_1_2",108,21.25,"jrm"
"mur_1_2",111,22.2,"jrm"
"mur_1_2",115,23.2,"jrm"
"mur_1_3",3,0.45,"jrm"
"mur_1_3",8,1.3,"jrm"
"mur_1_3",24,5.5,"jrm"
"mur_1_3",38,9.7,"jrm"
"mur_1_3",54,13.85,"jrm"
"mur_1_3",62,16.05,"jrm"
"mur_1_3",72,18.15,"jrm"
"mur_1_3",80,19.5,"jrm"
"mur_1_3",91,21.25,"jrm"
"mur_1_3",105,22.45,"jrm"
"mur_1_3",119,23.6,"jrm"
"mur_1_4",3,0.3,"jrm"
"mur_1_4",14,1.35,"jrm"
"mur_1_4",36,5.5,"jrm"
"mur_1_4",53,9.65,"jrm"
"mur_1_4",68,13.8,"jrm"
"mur_1_4",75,15.95,"jrm"
"mur_1_4",80,17,"jrm"
"mur_1_4",88,18.3,"jrm"
"mur_1_4",94,19.55,"jrm"
"mur_1_4",97,20,"jrm"
"mur_1_4",106,21.35,"jrm"
"mur_1_4",115,22.43,"jrm"
"mur_1_5",3,0.4,"jrm"
"mur_1_5",10,1.3,"jrm"
"mur_1_5",33,5.55,"jrm"
"mur_1_5",48,9.7,"jrm"
"mur_1_5",60,13.9,"jrm"
"mur_1_5",78,17.25,"jrm"
"mur_1_5",87,18.8,"jrm"
"mur_1_5",94,19.85,"jrm"
"mur_1_5",98,20.8,"jrm"
"mur_1_5",106,21.65,"jrm"
"mur_1_5",113,22.45,"jrm"
"mur_1_6",4,0.35,"jrm"
"mur_1_6",14,1.3,"jrm"
"mur_1_6",41,5.45,"jrm"
"mur_1_6",58,9.7,"jrm"
"mur_1_6",73,13.95,"jrm"
"mur_1_6",80,16.12,"jrm"
"mur_1_6",93,18.2,"jrm"
"mur_1_6",102,19.35,"jrm"
"mur_1_6",107,20.15,"jrm"
"mur_1_6",113,20.85,"jrm"
"mur_1_6",116,21.7,"jrm"
"mur_1_6",129,23.05,"jrm"
"mur_2_1",3,0.4,"jrm"
"mur_2_1",10,1.3,"jrm"
"mur_2_1",26,5.5,"jrm"
"mur_2_1",38,9.7,"jrm"
"mur_2_1",52,13.9,"jrm"
"mur_2_1",63,18.05,"jrm"
"mur_2_1",77,22.2,"jrm"
"mur_2_1",91,24.35,"jrm"
"mur_2_1",106,26.45,"jrm"
"mur_2_1",120,28.6,"jrm"
"mur_2_1",129,30.05,"jrm"
"mur_2_1",142,31.7,"jrm"
"mur_2_10",4,0.4,"jrm"
"mur_2_10",12,1.3,"jrm"
"mur_2_10",50,5.45,"jrm"
"mur_2_10",70,9.6,"jrm"
"mur_2_10",83,13.8,"jrm"
"mur_2_10",99,18,"jrm"
"mur_2_10",125,22.25,"jrm"
"mur_2_10",139,24.4,"jrm"
"mur_2_10",147,25.95,"jrm"
"mur_2_10",153,27,"jrm"
"mur_2_10",161,28.2,"jrm"
"mur_2_11",2,0.4,"jrm"
"mur_2_11",8,1.3,"jrm"
"mur_2_11",15,5.5,"jrm"
"mur_2_11",27,9.7,"jrm"
"mur_2_11",42,13.9,"jrm"
"mur_2_11",60,18.1,"jrm"
"mur_2_11",71,20.25,"jrm"
"mur_2_11",83,22.4,"jrm"
"mur_2_11",99,24.45,"jrm"
"mur_2_11",109,26.2,"jrm"
"mur_2_11",120,27.7,"jrm"
"mur_2_11",128,28.65,"jrm"
"mur_2_3",4,0.4,"jrm"
"mur_2_3",14,1.3,"jrm"
"mur_2_3",33,5.5,"jrm"
"mur_2_3",56,9.7,"jrm"
"mur_2_3",75,13.9,"jrm"
"mur_2_3",88,18.05,"jrm"
"mur_2_3",109,22.2,"jrm"
"mur_2_3",120,24.3,"jrm"
"mur_2_3",136,26.45,"jrm"
"mur_2_3",160,28.6,"jrm"
"mur_2_3",168,29.9,"jrm"
"mur_2_3",177,30.85,"jrm"
"mur_2_3",184,31.75,"jrm"
"mur_2_3",193,32.58,"jrm"
"mur_2_4",5,0.4,"jrm"
"mur_2_4",17,1.3,"jrm"
"mur_2_4",47,5.45,"jrm"
"mur_2_4",71,9.7,"jrm"
"mur_2_4",92,13.85,"jrm"
"mur_2_4",109,18,"jrm"
"mur_2_4",120,20.2,"jrm"
"mur_2_4",137,22.4,"jrm"
"mur_2_4",159,24.55,"jrm"
"mur_2_4",177,26.55,"jrm"
"mur_2_4",188,28.12,"jrm"
"mur_2_5",2,0.3,"jrm"
"mur_2_5",11,1.3,"jrm"
"mur_2_5",24,5.45,"jrm"
"mur_2_5",42,9.6,"jrm"
"mur_2_5",58,13.75,"jrm"
"mur_2_5",73,17.9,"jrm"
"mur_2_5",87,20.05,"jrm"
"mur_2_5",100,22.2,"jrm"
"mur_2_5",119,24.4,"jrm"
"mur_2_5",136,26.3,"jrm"
"mur_2_5",146,27.45,"jrm"
"mur_2_5",156,28.68,"jrm"
"mur_2_6",5,0.4,"jrm"
"mur_2_6",16,1.3,"jrm"
"mur_2_6",37,5.5,"jrm"
"mur_2_6",53,9.7,"jrm"
"mur_2_6",66,13.9,"jrm"
"mur_2_6",82,18.15,"jrm"
"mur_2_6",100,22.3,"jrm"
"mur_2_6",112,24.55,"jrm"
"mur_2_6",122,26.7,"jrm"
"mur_2_6",127,27.6,"jrm"
"mur_2_6",135,28.75,"jrm"
"mur_2_6",140,29.9,"jrm"
"mur_2_8",3,0.35,"jrm"
"mur_2_8",12,1.3,"jrm"
"mur_2_8",32,5.5,"jrm"
"mur_2_8",44,9.65,"jrm"
"mur_2_8",56,13.85,"jrm"
"mur_2_8",73,18.03,"jrm"
"mur_2_8",94,22.35,"jrm"
"mur_2_8",107,24.43,"jrm"
"mur_2_8",120,26.1,"jrm"
"mur_2_8",128,27.2,"jrm"
"mur_2_8",138,28.25,"jrm"
"mur_2_8",148,29.26,"jrm"
"mur_2_9",3,0.35,"jrm"
"mur_2_9",11,1.3,"jrm"
"mur_2_9",30,5.45,"jrm"
"mur_2_9",45,9.6,"jrm"
"mur_2_9",59,13.75,"jrm"
"mur_2_9",73,18,"jrm"
"mur_2_9",95,22.15,"jrm"
"mur_2_9",109,24.3,"jrm"
"mur_2_9",127,26.6,"jrm"
"mur_2_9",136,28.15,"jrm"
"mur_2_9",141,29,"jrm"
"mur_2_9",149,29.97,"jrm"
"mur_3_7",2,0.5,"jrm"
"mur_3_7",5,1.3,"jrm"
"mur_3_7",22,6.2,"jrm"
"mur_3_7",29,10.35,"jrm"
"mur_3_7",38,14.5,"jrm"
"mur_3_7",48,18.65,"jrm"
"mur_3_7",58,22.9,"jrm"
"mur_3_7",69,25.05,"jrm"
"mur_3_7",76,26.8,"jrm"
"mur_3_7",84,28.15,"jrm"
"mur_3_7",89,29.25,"jrm"
"mur_3_7",96,30.55,"jrm"
"mur_3_7",103,31.53,"jrm"
"mur_4_10",5,0.5,"jrm"
"mur_4_10",15,1.35,"jrm"
"mur_4_10",33,5.55,"jrm"
"mur_4_10",45,9.65,"jrm"
"mur_4_10",59,13.9,"jrm"
"mur_4_10",80,18.25,"jrm"
"mur_4_10",98,22.4,"jrm"
"mur_4_10",108,24.5,"jrm"
"mur_4_10",119,26.63,"jrm"
"mur_4_2",2,0.35,"jrm"
"mur_4_2",7,1.35,"jrm"
"mur_4_2",27,5.55,"jrm"
"mur_4_2",42,9.8,"jrm"
"mur_4_2",61,14,"jrm"
"mur_4_2",76,18.2,"jrm"
"mur_4_2",88,19.7,"jrm"
"mur_4_2",95,20.75,"jrm"
"mur_4_2",106,22.1,"jrm"
"mur_4_2",110,22.93,"jrm"
"mur_4_2",117,23.76,"jrm"
"mur_4_3",4,0.4,"jrm"
"mur_4_3",13,1.3,"jrm"
"mur_4_3",30,5.45,"jrm"
"mur_4_3",54,10.7,"jrm"
"mur_4_3",68,14.85,"jrm"
"mur_4_3",83,19.15,"jrm"
"mur_4_3",92,21.55,"jrm"
"mur_4_3",101,22.95,"jrm"
"mur_4_3",109,24.23,"jrm"
"mur_4_3",115,25.15,"jrm"
"mur_4_4",3,0.3,"jrm"
"mur_4_4",13,1.3,"jrm"
"mur_4_4",31,5.55,"jrm"
"mur_4_4",44,9.7,"jrm"
"mur_4_4",59,13.95,"jrm"
"mur_4_4",80,18.1,"jrm"
"mur_4_4",98,22.3,"jrm"
"mur_4_4",109,24,"jrm"
"mur_4_4",116,25,"jrm"
"mur_4_4",123,25.95,"jrm"
"mur_4_4",129,26.84,"jrm"
"mur_4_5",3,0.3,"jrm"
"mur_4_5",12,1.3,"jrm"
"mur_4_5",30,5.6,"jrm"
"mur_4_5",45,9.85,"jrm"
"mur_4_5",63,14.05,"jrm"
"mur_4_5",84,18.15,"jrm"
"mur_4_5",96,20.1,"jrm"
"mur_4_5",102,21.2,"jrm"
"mur_4_5",111,22.25,"jrm"
"mur_4_5",118,23.17,"jrm"
"mur_4_6",5,0.4,"jrm"
"mur_4_6",18,1.3,"jrm"
"mur_4_6",37,5.5,"jrm"
"mur_4_6",52,9.65,"jrm"
"mur_4_6",69,13.85,"jrm"
"mur_4_6",90,18.1,"jrm"
"mur_4_6",94,18.9,"jrm"
"mur_4_6",105,20.25,"jrm"
"mur_4_6",112,21.25,"jrm"
"mur_4_7",4,0.5,"jrm"
"mur_4_7",11,1.3,"jrm"
"mur_4_7",27,5.65,"jrm"
"mur_4_7",38,9.8,"jrm"
"mur_4_7",52,14.05,"jrm"
"mur_4_7",64,18.25,"jrm"
"mur_4_7",80,22.55,"jrm"
"mur_4_7",89,24.1,"jrm"
"mur_4_7",94,25.2,"jrm"
"mur_4_7",103,26.45,"jrm"
"mur_4_8",2,0.4,"jrm"
"mur_4_8",6,1.3,"jrm"
"mur_4_8",21,5.45,"jrm"
"mur_4_8",33,9.6,"jrm"
"mur_4_8",46,13.9,"jrm"
"mur_4_8",68,18.1,"jrm"
"mur_4_8",87,22.3,"jrm"
"mur_4_8",96,23.95,"jrm"
"mur_4_8",105,25.5,"jrm"
"mur_4_8",112,26.75,"jrm"
"mur_5_1",5,0.4,"jrm"
"mur_5_1",18,1.3,"jrm"
"mur_5_1",41,5.45,"jrm"
"mur_5_1",58,9.6,"jrm"
"mur_5_1",67,13.9,"jrm"
"mur_5_1",79,18.15,"jrm"
"mur_5_1",91,22.3,"jrm"
"mur_5_1",100,24.6,"jrm"
"mur_5_1",113,27.5,"jrm"
"mur_5_1",121,28.85,"jrm"
"mur_5_1",127,29.9,"jrm"
"mur_5_1",135,31.05,"jrm"
"mur_5_10",2,0.4,"jrm"
"mur_5_10",6,1.3,"jrm"
"mur_5_10",24,5.5,"jrm"
"mur_5_10",45,9.7,"jrm"
"mur_5_10",60,13.9,"jrm"
"mur_5_10",76,18.1,"jrm"
"mur_5_10",91,22.3,"jrm"
"mur_5_10",123,26.55,"jrm"
"mur_5_10",135,28.7,"jrm"
"mur_5_10",152,30.7,"jrm"
"mur_5_10",162,32.2,"jrm"
"mur_5_10",170,33.25,"jrm"
"mur_5_2",1,0.4,"jrm"
"mur_5_2",3,1.3,"jrm"
"mur_5_2",15,5.55,"jrm"
"mur_5_2",25,9.8,"jrm"
"mur_5_2",39,14,"jrm"
"mur_5_2",65,18.25,"jrm"
"mur_5_2",112,22.65,"jrm"
"mur_5_2",137,24.85,"jrm"
"mur_5_2",164,27.65,"jrm"
"mur_5_2",182,29.25,"jrm"
"mur_5_2",191,30,"jrm"
"mur_5_4",2,0.4,"jrm"
"mur_5_4",7,1.3,"jrm"
"mur_5_4",21,5.45,"jrm"
"mur_5_4",36,9.7,"jrm"
"mur_5_4",55,13.85,"jrm"
"mur_5_4",78,18,"jrm"
"mur_5_4",95,22.2,"jrm"
"mur_5_4",134,28.6,"jrm"
"mur_5_4",152,30.95,"jrm"
"mur_5_4",162,32.65,"jrm"
"mur_5_5",1,0.4,"jrm"
"mur_5_5",3,1.3,"jrm"
"mur_5_5",16,5.5,"jrm"
"mur_5_5",32,9.65,"jrm"
"mur_5_5",47,13.9,"jrm"
"mur_5_5",70,18.15,"jrm"
"mur_5_5",100,22.35,"jrm"
"mur_5_5",132,26.55,"jrm"
"mur_5_5",149,29.3,"jrm"
"mur_5_5",162,31.25,"jrm"
"mur_5_5",173,32.4,"jrm"
"mur_5_5",179,33.4,"jrm"
"mur_5_6",1,0.4,"jrm"
"mur_5_6",4,1.3,"jrm"
"mur_5_6",16,5.45,"jrm"
"mur_5_6",25,9.6,"jrm"
"mur_5_6",41,13.8,"jrm"
"mur_5_6",56,18,"jrm"
"mur_5_6",90,22.15,"jrm"
"mur_5_6",102,23.05,"jrm"
"mur_5_6",137,25.3,"jrm"
"mur_5_6",165,27.45,"jrm"
"mur_5_6",180,28.9,"jrm"
"mur_5_6",191,30.25,"jrm"
"mur_5_6",202,31.27,"jrm"
"mur_5_7",3,0.4,"jrm"
"mur_5_7",11,1.3,"jrm"
"mur_5_7",25,5.45,"jrm"
"mur_5_7",39,9.6,"jrm"
"mur_5_7",60,13.85,"jrm"
"mur_5_7",74,18,"jrm"
"mur_5_7",99,22.25,"jrm"
"mur_5_7",125,26.4,"jrm"
"mur_5_7",133,27.85,"jrm"
"mur_5_7",148,29.43,"jrm"
"mur_5_7",157,30.6,"jrm"
"mur_5_8",2,0.4,"jrm"
"mur_5_8",6,1.3,"jrm"
"mur_5_8",26,5.45,"jrm"
"mur_5_8",38,9.6,"jrm"
"mur_5_8",54,13.8,"jrm"
"mur_5_8",78,18.2,"jrm"
"mur_5_8",112,22.35,"jrm"
"mur_5_8",127,24.45,"jrm"
"mur_5_8",135,25.8,"jrm"
"mur_5_8",147,27.7,"jrm"
"mur_5_8",160,28.1,"jrm"
"mur_5_8",172,29.45,"jrm"
"mur_5_8",180,30.5,"jrm"
"mur_5_9",4,0.5,"jrm"
"mur_5_9",11,1.3,"jrm"
"mur_5_9",37,5.45,"jrm"
"mur_5_9",47,9.6,"jrm"
"mur_5_9",58,13.75,"jrm"
"mur_5_9",68,17.95,"jrm"
"mur_5_9",86,22.15,"jrm"
"mur_5_9",120,26.35,"jrm"
"mur_5_9",135,28.55,"jrm"
"mur_5_9",147,29.95,"jrm"
"mur_5_9",160,31.5,"jrm"
"mur_5_9",164,32.35,"jrm"
"mur_5_9",169,33,"jrm"
"mur_6_1",2,0.4,"jrm"
"mur_6_1",7,1.3,"jrm"
"mur_6_1",21,5.5,"jrm"
"mur_6_1",28,9.7,"jrm"
"mur_6_1",36,13.9,"jrm"
"mur_6_1",44,18.05,"jrm"
"mur_6_1",52,22.2,"jrm"
"mur_6_1",62,26.35,"jrm"
"mur_6_1",71,28.45,"jrm"
"mur_6_1",77,30.6,"jrm"
"mur_6_1",80,31.8,"jrm"
"mur_6_1",92,32.9,"jrm"
"mur_6_1",96,33.65,"jrm"
"mur_6_1",108,34.75,"jrm"
"mur_6_10",2,0.4,"jrm"
"mur_6_10",7,1.3,"jrm"
"mur_6_10",22,5.5,"jrm"
"mur_6_10",30,9.7,"jrm"
"mur_6_10",37,13.9,"jrm"
"mur_6_10",45,18.15,"jrm"
"mur_6_10",53,22.3,"jrm"
"mur_6_10",62,26.75,"jrm"
"mur_6_10",73,30.9,"jrm"
"mur_6_10",82,33.2,"jrm"
"mur_6_10",94,35.5,"jrm"
"mur_6_10",102,36.85,"jrm"
"mur_6_10",111,38.2,"jrm"
"mur_6_2",3,0.4,"jrm"
"mur_6_2",10,1.3,"jrm"
"mur_6_2",24,5.5,"jrm"
"mur_6_2",34,9.7,"jrm"
"mur_6_2",41,14,"jrm"
"mur_6_2",48,18.15,"jrm"
"mur_6_2",58,22.35,"jrm"
"mur_6_2",72,26.5,"jrm"
"mur_6_2",92,31.1,"jrm"
"mur_6_2",99,32.15,"jrm"
"mur_6_2",104,33.05,"jrm"
"mur_6_2",111,34.35,"jrm"
"mur_6_2",116,35.2,"jrm"
"mur_6_3",2,0.4,"jrm"
"mur_6_3",6,1.3,"jrm"
"mur_6_3",19,5.5,"jrm"
"mur_6_3",26,9.7,"jrm"
"mur_6_3",34,13.9,"jrm"
"mur_6_3",43,18.1,"jrm"
"mur_6_3",51,22.3,"jrm"
"mur_6_3",63,26.5,"jrm"
"mur_6_3",76,29.6,"jrm"
"mur_6_3",83,32.1,"jrm"
"mur_6_3",91,34.2,"jrm"
"mur_6_3",98,36.2,"jrm"
"mur_6_3",103,37.45,"jrm"
"mur_6_4",2,0.4,"jrm"
"mur_6_4",7,1.3,"jrm"
"mur_6_4",21,5.5,"jrm"
"mur_6_4",29,9.7,"jrm"
"mur_6_4",36,13.9,"jrm"
"mur_6_4",44,18.25,"jrm"
"mur_6_4",54,22.5,"jrm"
"mur_6_4",61,25,"jrm"
"mur_6_4",65,26.3,"jrm"
"mur_6_4",76,28.4,"jrm"
"mur_6_4",86,30.2,"jrm"
"mur_6_4",96,32.1,"jrm"
"mur_6_4",106,33.32,"jrm"
"mur_6_5",3,0.4,"jrm"
"mur_6_5",11,1.3,"jrm"
"mur_6_5",23,5.5,"jrm"
"mur_6_5",31,9.75,"jrm"
"mur_6_5",38,13.9,"jrm"
"mur_6_5",48,18.1,"jrm"
"mur_6_5",64,22.3,"jrm"
"mur_6_5",75,25.6,"jrm"
"mur_6_5",81,28.1,"jrm"
"mur_6_5",86,29.95,"jrm"
"mur_6_5",91,32.1,"jrm"
"mur_6_5",96,33.65,"jrm"
"mur_6_5",101,34.9,"jrm"
"mur_6_5",107,36.15,"jrm"
"mur_6_6",2,0.4,"jrm"
"mur_6_6",6,1.3,"jrm"
"mur_6_6",13,5.5,"jrm"
"mur_6_6",29,9.75,"jrm"
"mur_6_6",37,13.9,"jrm"
"mur_6_6",47,18.2,"jrm"
"mur_6_6",56,22.4,"jrm"
"mur_6_6",63,24.6,"jrm"
"mur_6_6",70,26.85,"jrm"
"mur_6_6",80,29.65,"jrm"
"mur_6_6",86,31.4,"jrm"
"mur_6_6",89,32.3,"jrm"
"mur_6_6",97,33.9,"jrm"
"mur_6_6",106,35.5,"jrm"
"ndf_14_41",1,0.5,"jrm"
"ndf_14_41",8,4.5,"jrm"
"ndf_14_41",15,8.5,"jrm"
"ndf_14_41",21,12.5,"jrm"
"ndf_14_41",28,16.5,"jrm"
"ndf_14_41",35,20.5,"jrm"
"ndf_14_41",50,24.5,"jrm"
"ndf_14_41",63,28.5,"jrm"
"ndf_14_41",70,30.5,"jrm"
"ndf_14_41",71,31.5,"jrm"
"ndf_14_41",75,32.5,"jrm"
"ndf_14_41",81,33.5,"jrm"
"ndf_14_41",91,34.5,"jrm"
"ndf_14_41",102,35.5,"jrm"
"ndf_14_41",107,36.5,"jrm"
"oed_2_87",3,0.3,"jrm"
"oed_2_87",15,1.3,"jrm"
"oed_2_87",32,5.45,"jrm"
"oed_2_87",46,9.6,"jrm"
"oed_2_87",66,17.9,"jrm"
"oed_2_87",73,20.05,"jrm"
"oed_2_87",80,22.15,"jrm"
"oed_2_87",89,24.27,"jrm"
"oed_2_87",97,26.37,"jrm"
"oed_2_87",108,28.72,"jrm"
"pfa_1_1",1,0.1,"jrm"
"pfa_1_1",6,2.81,"jrm"
"pfa_1_1",14,4.7,"jrm"
"pfa_1_1",18,6.27,"jrm"
"pfa_1_1",21,7.87,"jrm"
"pfa_1_1",32,11.22,"jrm"
"pfa_1_1",37,12.21,"jrm"
"pfa_1_1",47,14.29,"jrm"
"pfa_1_1",78,19.35,"jrm"
"pfa_1_1",85,20.12,"jrm"
"pfa_1_1",91,20.96,"jrm"
"pfa_1_1",97,22.15,"jrm"
"pfa_1_1",107,23.11,"jrm"
"pfa_1_1",114,24.21,"jrm"
"pfa_1_1",119,25.21,"jrm"
"pfa_1_1",125,25.71,"jrm"
"s47_1_221",2,0.45,"jrm"
"s47_1_221",5,1.3,"jrm"
"s47_1_221",18,5.45,"jrm"
"s47_1_221",35,13.6,"jrm"
"s47_1_221",52,21.95,"jrm"
"s47_1_221",66,26.1,"jrm"
"s47_1_221",81,29.1,"jrm"
"s47_1_221",90,30.62,"jrm"
"s47_1_221",97,31.73,"jrm"
"s47_1_221",102,32.49,"jrm"
"s54_1_62",1,0.13,"jrm"
"s54_1_62",4,1.3,"jrm"
"s54_1_62",17,5.5,"jrm"
"s54_1_62",36,13.9,"jrm"
"s54_1_62",54,22.28,"jrm"
"s54_1_62",72,27.6,"jrm"
"s54_1_62",84,30.75,"jrm"
"s54_1_62",98,33.65,"jrm"
"s54_1_62",104,34.95,"jrm"
"s54_2_21",1,0.18,"jrm"
"s54_2_21",4,1.3,"jrm"
"s54_2_21",14,5.45,"jrm"
"s54_2_21",32,13.8,"jrm"
"s54_2_21",53,22.33,"jrm"
"s54_2_21",69,26.57,"jrm"
"s54_2_21",83,29.93,"jrm"
"s54_2_21",94,31.85,"jrm"
"s54_2_21",102,33.16,"jrm"
"s54_2_212",1,0.3,"jrm"
"s54_2_212",4,1.3,"jrm"
"s54_2_212",15,5.72,"jrm"
"s54_2_212",34,14.1,"jrm"
"s54_2_212",53,22.6,"jrm"
"s54_2_212",73,27.78,"jrm"
"s54_2_212",84,29.97,"jrm"
"s54_2_212",96,32.05,"jrm"
"s54_2_212",104,33.62,"jrm"
"san_110103_4",2,0.35,"jrm"
"san_110103_4",7,1.3,"jrm"
"san_110103_4",21,5.4,"jrm"
"san_110103_4",36,10.6,"jrm"
"san_110103_4",47,15.75,"jrm"
"san_110103_4",62,20.9,"jrm"
"san_110103_4",82,27.1,"jrm"
"san_110103_4",91,29.2,"jrm"
"san_110103_4",101,31.3,"jrm"
"san_110103_4",110,33.35,"jrm"
"san_110103_4",123,35.3,"jrm"
"san_110103_4",130,36.57,"jrm"
"san_110103_4",133,37.15,"jrm"
"san_110203_6",5,0.35,"jrm"
"san_110203_6",20,1.3,"jrm"
"san_110203_6",29,5.45,"jrm"
"san_110203_6",36,9.6,"jrm"
"san_110203_6",49,13.75,"jrm"
"san_110203_6",67,17.9,"jrm"
"san_110203_6",83,22.1,"jrm"
"san_110203_6",105,27.25,"jrm"
"san_110203_6",114,29.4,"jrm"
"san_110203_6",139,32.94,"jrm"
"san_110203_6",142,33.56,"jrm"
"san_110302_10",2,0.35,"jrm"
"san_110302_10",7,1.3,"jrm"
"san_110302_10",11,3.35,"jrm"
"san_110302_10",27,7.5,"jrm"
"san_110302_10",36,11.8,"jrm"
"san_110302_10",55,16.05,"jrm"
"san_110302_10",78,21.25,"jrm"
"san_110302_10",101,26.45,"jrm"
"san_110302_10",108,28.5,"jrm"
"san_110302_10",136,32.67,"jrm"
"san_110302_10",139,33.33,"jrm"
"san_110303_1",1,0.45,"jrm"
"san_110303_1",3,1.3,"jrm"
"san_110303_1",20,5.4,"jrm"
"san_110303_1",37,10.6,"jrm"
"san_110303_1",58,15.75,"jrm"
"san_110303_1",76,20.9,"jrm"
"san_110303_1",94,25.05,"jrm"
"san_110303_1",100,27.3,"jrm"
"san_110303_1",102,27.9,"jrm"
"san_110303_1",116,30,"jrm"
"san_110303_1",123,32.05,"jrm"
"san_110303_1",131,33.6,"jrm"
"san_110303_1",134,34.36,"jrm"
"san_110400_3",2,0.45,"jrm"
"san_110400_3",7,1.3,"jrm"
"san_110400_3",20,6.45,"jrm"
"san_110400_3",37,11.6,"jrm"
"san_110400_3",51,16.7,"jrm"
"san_110400_3",80,22.8,"jrm"
"san_110400_3",89,24.95,"jrm"
"san_110400_3",107,27.4,"jrm"
"san_110400_3",117,29.4,"jrm"
"san_110400_3",128,31.2,"jrm"
"san_110400_3",136,32.63,"jrm"
"san_110400_3",141,33.23,"jrm"
"san_110401_1",1,0.35,"jrm"
"san_110401_1",5,1.3,"jrm"
"san_110401_1",21,5.95,"jrm"
"san_110401_1",36,11.1,"jrm"
"san_110401_1",51,16.25,"jrm"
"san_110401_1",60,18.35,"jrm"
"san_110401_1",74,20.4,"jrm"
"san_110401_1",84,22.55,"jrm"
"san_110401_1",113,26.3,"jrm"
"san_110401_1",127,28.21,"jrm"
"san_110401_1",135,29.12,"jrm"
"san_110402_10",3,0.45,"jrm"
"san_110402_10",8,1.3,"jrm"
"san_110402_10",31,6.45,"jrm"
"san_110402_10",45,11.6,"jrm"
"san_110402_10",59,16.75,"jrm"
"san_110402_10",74,21.9,"jrm"
"san_110402_10",90,26.5,"jrm"
"san_110402_10",102,28.6,"jrm"
"san_110402_10",112,30.55,"jrm"
"san_110402_10",124,32.42,"jrm"
"san_110402_10",136,32.85,"jrm"
"san_110402_4",2,0.35,"jrm"
"san_110402_4",6,1.3,"jrm"
"san_110402_4",26,5.45,"jrm"
"san_110402_4",38,10.6,"jrm"
"san_110402_4",52,15.75,"jrm"
"san_110402_4",68,20.9,"jrm"
"san_110402_4",91,26.5,"jrm"
"san_110402_4",102,28.5,"jrm"
"san_110402_4",115,30.8,"jrm"
"san_110402_4",133,32.9,"jrm"
"san_110402_4",138,33.7,"jrm"
"san_110403_1",2,0.3,"jrm"
"san_110403_1",9,1.3,"jrm"
"san_110403_1",24,6.45,"jrm"
"san_110403_1",39,11.6,"jrm"
"san_110403_1",54,16.8,"jrm"
"san_110403_1",76,22.9,"jrm"
"san_110403_1",103,27.55,"jrm"
"san_110403_1",115,29.65,"jrm"
"san_110403_1",125,31.1,"jrm"
"san_110403_1",139,33.16,"jrm"
"san_110500_5",1,0.3,"jrm"
"san_110500_5",4,1.3,"jrm"
"san_110500_5",10,3.4,"jrm"
"san_110500_5",22,8.05,"jrm"
"san_110500_5",33,12.2,"jrm"
"san_110500_5",44,16.3,"jrm"
"san_110500_5",60,20.95,"jrm"
"san_110500_5",73,23.1,"jrm"
"san_110500_5",100,25.25,"jrm"
"san_110500_5",124,26.3,"jrm"
"san_110500_5",133,27.5,"jrm"
"san_110500_5",141,28.62,"jrm"
"san_110500_5",144,29.2,"jrm"
"san_110501_26",1,0.3,"jrm"
"san_110501_26",5,1.3,"jrm"
"san_110501_26",13,5.45,"jrm"
"san_110501_26",24,9.6,"jrm"
"san_110501_26",42,14.7,"jrm"
"san_110501_26",66,19.85,"jrm"
"san_110501_26",80,21.85,"jrm"
"san_110501_26",98,23.9,"jrm"
"san_110501_26",105,25.4,"jrm"
"san_110501_26",114,27.1,"jrm"
"san_110501_26",134,28.47,"jrm"
"san_110501_26",140,29.17,"jrm"
"san_110502_1",1,0.25,"jrm"
"san_110502_1",6,1.3,"jrm"
"san_110502_1",16,5.45,"jrm"
"san_110502_1",33,9.6,"jrm"
"san_110502_1",47,13.75,"jrm"
"san_110502_1",67,18.9,"jrm"
"san_110502_1",76,20.4,"jrm"
"san_110502_1",95,22.45,"jrm"
"san_110502_1",106,24.95,"jrm"
"san_110502_1",114,26.6,"jrm"
"san_110502_1",130,27.7,"jrm"
"san_110502_1",136,28.35,"jrm"
"san_110600_10",1,0.35,"jrm"
"san_110600_10",5,1.3,"jrm"
"san_110600_10",20,6.45,"jrm"
"san_110600_10",36,11.6,"jrm"
"san_110600_10",51,16.7,"jrm"
"san_110600_10",75,22.8,"jrm"
"san_110600_10",90,24.9,"jrm"
"san_110600_10",102,27,"jrm"
"san_110600_10",112,29,"jrm"
"san_110600_10",133,31,"jrm"
"san_110600_10",144,32.17,"jrm"
"san_110601_32",2,0.3,"jrm"
"san_110601_32",9,1.3,"jrm"
"san_110601_32",27,6.45,"jrm"
"san_110601_32",38,11.6,"jrm"
"san_110601_32",51,16.7,"jrm"
"san_110601_32",72,22.75,"jrm"
"san_110601_32",81,24.75,"jrm"
"san_110601_32",94,26.75,"jrm"
"san_110601_32",109,28.65,"jrm"
"san_110601_32",130,30.4,"jrm"
"san_110601_32",143,32.13,"jrm"
"san_110601_32",144,32.61,"jrm"
"san_120002_5",2,0.3,"jrm"
"san_120002_5",7,1.3,"jrm"
"san_120002_5",31,5.95,"jrm"
"san_120002_5",52,10.1,"jrm"
"san_120002_5",74,15.25,"jrm"
"san_120002_5",102,20.4,"jrm"
"san_120002_5",110,22.05,"jrm"
"san_120002_5",119,24.7,"jrm"
"san_120002_5",127,26.5,"jrm"
"san_120002_5",132,27.42,"jrm"
"san_120002_5",137,28.14,"jrm"
"san_120003_2",3,0.45,"jrm"
"san_120003_2",10,1.3,"jrm"
"san_120003_2",26,6.45,"jrm"
"san_120003_2",37,11.55,"jrm"
"san_120003_2",50,16.8,"jrm"
"san_120003_2",69,23,"jrm"
"san_120003_2",85,27.7,"jrm"
"san_120003_2",96,30.05,"jrm"
"san_120003_2",103,31.7,"jrm"
"san_120003_2",112,33.25,"jrm"
"san_120003_2",124,35.4,"jrm"
"san_120003_2",132,36.21,"jrm"
"san_120003_2",136,36.91,"jrm"
"san_120101_16",3,0.45,"jrm"
"san_120101_16",9,1.3,"jrm"
"san_120101_16",45,5.45,"jrm"
"san_120101_16",71,9.6,"jrm"
"san_120101_16",85,13.8,"jrm"
"san_120101_16",98,18.1,"jrm"
"san_120101_16",113,23.4,"jrm"
"san_120101_16",119,25.5,"jrm"
"san_120101_16",126,27.7,"jrm"
"san_120101_16",135,29.6,"jrm"
"san_120101_16",145,31.41,"jrm"
"san_120103_12",2,0.35,"jrm"
"san_120103_12",9,1.3,"jrm"
"san_120103_12",28,6.45,"jrm"
"san_120103_12",42,11.55,"jrm"
"san_120103_12",58,16.7,"jrm"
"san_120103_12",79,21.85,"jrm"
"san_120103_12",106,27.5,"jrm"
"san_120103_12",115,29.55,"jrm"
"san_120103_12",127,32,"jrm"
"san_120103_12",141,33.92,"jrm"
"san_120103_12",144,34.62,"jrm"
"san_120204_13",3,0.3,"jrm"
"san_120204_13",13,1.3,"jrm"
"san_120204_13",17,3.3,"jrm"
"san_120204_13",28,7.95,"jrm"
"san_120204_13",40,13.1,"jrm"
"san_120204_13",63,18.2,"jrm"
"san_120204_13",87,23.35,"jrm"
"san_120204_13",98,25.6,"jrm"
"san_120204_13",112,27.75,"jrm"
"san_120204_13",128,29.99,"jrm"
"san_120204_13",132,30.58,"jrm"
"san_120301_9",1,0.3,"jrm"
"san_120301_9",5,1.3,"jrm"
"san_120301_9",23,6,"jrm"
"san_120301_9",37,10.15,"jrm"
"san_120301_9",50,14.45,"jrm"
"san_120301_9",67,18.6,"jrm"
"san_120301_9",97,23.75,"jrm"
"san_120301_9",106,25.9,"jrm"
"san_120301_9",113,28,"jrm"
"san_120301_9",120,29.9,"jrm"
"san_120301_9",133,31.2,"jrm"
"san_120304_4",2,0.3,"jrm"
"san_120304_4",10,1.3,"jrm"
"san_120304_4",20,5.45,"jrm"
"san_120304_4",33,9.6,"jrm"
"san_120304_4",45,13.75,"jrm"
"san_120304_4",62,18.9,"jrm"
"san_120304_4",85,24.1,"jrm"
"san_120304_4",102,26.2,"jrm"
"san_120304_4",117,28.35,"jrm"
"san_120304_4",128,30.35,"jrm"
"san_120304_4",141,32.03,"jrm"
"z61_1_1",4,0.28,"jrm"
"z61_1_1",11,0.68,"jrm"
"z61_1_1",13,1.3,"jrm"
"z61_1_1",25,4.18,"jrm"
"z61_1_1",45,8.18,"jrm"
"z61_1_1",64,12.23,"jrm"
"z61_1_1",73,14.18,"jrm"
"z61_1_1",82,16.18,"jrm"
"z61_1_1",93,18.18,"jrm"
"z61_1_1",101,20.18,"jrm"
"z61_1_1",110,22.18,"jrm"
"z61_1_1",126,24.23,"jrm"
"z61_1_3",2,0.27,"jrm"
"z61_1_3",5,0.67,"jrm"
"z61_1_3",8,1.3,"jrm"
"z61_1_3",26,4.17,"jrm"
"z61_1_3",40,8.17,"jrm"
"z61_1_3",60,12.22,"jrm"
"z61_1_3",72,14.27,"jrm"
"z61_1_3",82,16.07,"jrm"
"z61_1_3",93,18.17,"jrm"
"z61_1_3",104,20.22,"jrm"
"z61_1_3",116,22.17,"jrm"
"z61_2_7",2,0.16,"jrm"
"z61_2_7",7,0.56,"jrm"
"z61_2_7",10,1.3,"jrm"
"z61_2_7",16,4.06,"jrm"
"z61_2_7",26,8.06,"jrm"
"z61_2_7",39,12.06,"jrm"
"z61_2_7",48,14.06,"jrm"
"z61_2_7",52,16.11,"jrm"
"z61_2_7",62,18.16,"jrm"
"z61_2_7",78,20.11,"jrm"
"z61_2_7",101,22.14,"jrm"
"z61_2_7",124,24.06,"jrm"
"z61_3_1",2,0.18,"jrm"
"z61_3_1",6,0.6,"jrm"
"z61_3_1",14,1.3,"jrm"
"z61_3_1",29,4.2,"jrm"
"z61_3_1",56,8.1,"jrm"
"z61_3_1",64,10.05,"jrm"
"z61_3_1",79,12,"jrm"
"z61_3_1",96,14.2,"jrm"
"z61_3_1",115,16.6,"jrm"
"z61_3_1",129,18.1,"jrm"
"z61_3_1",144,20.1,"jrm"
"z61_3_1",164,22.15,"jrm"
"z61_3_2",2,0.3,"jrm"
"z61_3_2",4,0.7,"jrm"
"z61_3_2",13,1.3,"jrm"
"z61_3_2",29,4.2,"jrm"
"z61_3_2",48,8.3,"jrm"
"z61_3_2",65,12.2,"jrm"
"z61_3_2",75,14.1,"jrm"
"z61_3_2",88,16.2,"jrm"
"z61_3_2",101,18.3,"jrm"
"z61_3_2",121,20.2,"jrm"
"z61_3_2",138,22.2,"jrm"
"z61_3_2",159,24.2,"jrm"
"z62_4_1",4,0.2,"jrm"
"z62_4_1",16,0.7,"jrm"
"z62_4_1",21,1.3,"jrm"
"z62_4_1",27,3.3,"jrm"
"z62_4_1",40,5.3,"jrm"
"z62_4_1",62,9.3,"jrm"
"z62_4_1",79,11.3,"jrm"
"z62_4_1",90,14.3,"jrm"
"z62_4_1",104,16.3,"jrm"
"z62_4_1",118,17.3,"jrm"
"z62_4_1",135,18.3,"jrm"
"z62_4_1",155,20.3,"jrm"
"z62_4_3",5,0.4,"jrm"
"z62_4_3",10,0.8,"jrm"
"z62_4_3",16,1.3,"jrm"
"z62_4_3",30,3.3,"jrm"
"z62_4_3",44,5.3,"jrm"
"z62_4_3",56,7.3,"jrm"
"z62_4_3",64,9.3,"jrm"
"z62_4_3",74,11.3,"jrm"
"z62_4_3",87,13.3,"jrm"
"z62_4_3",93,15.3,"jrm"
"z62_4_3",101,17.3,"jrm"
"z62_4_3",119,19.3,"jrm"
"z62_4_3",142,20.3,"jrm"
"z62_4_3",160,21.3,"jrm"
"z63_112_37",1,0.2,"jrm"
"z63_112_37",5,1.3,"jrm"
"z63_112_37",16,5.5,"jrm"
"z63_112_37",28,9.7,"jrm"
"z63_112_37",36,13.9,"jrm"
"z63_112_37",48,18.1,"jrm"
"z63_112_37",59,22.3,"jrm"
"z63_112_37",72,26.5,"jrm"
"z63_112_37",98,30.7,"jrm"
"z63_112_37",102,31.45,"jrm"
"z63_112_37",108,32.4,"jrm"
"z63_213_21",3,0.35,"jrm"
"z63_213_21",12,1.3,"jrm"
"z63_213_21",34,5.45,"jrm"
"z63_213_21",54,9.65,"jrm"
"z63_213_21",69,13.9,"jrm"
"z63_213_21",94,18.1,"jrm"
"z63_213_21",106,19.5,"jrm"
"z63_213_21",114,20.45,"jrm"
"z63_213_21",125,21.55,"jrm"
"z63_213_21",135,22.65,"jrm"
"z63_213_21",140,23.5,"jrm"
"z63_223_16",4,0.35,"jrm"
"z63_223_16",17,1.3,"jrm"
"z63_223_16",45,5.55,"jrm"
"z63_223_16",89,9.7,"jrm"
"z63_223_16",97,10.55,"jrm"
"z63_223_16",104,11.55,"jrm"
"z63_223_16",112,12.5,"jrm"
"z63_223_16",122,13.55,"jrm"
"z63_223_16",130,14.5,"jrm"
"arn_4701_15",0,0,"jrm"
"bri_4_1",0,0,"jrm"
"gla_2_6",0,0,"jrm"
"gla_3_2",0,0,"jrm"
"h50_3_120",0,0,"jrm"
"h54_1_111",0,0,"jrm"
"hob_2_6",0,0,"jrm"
"hob_2_7",0,0,"jrm"
"hob_2_8",0,0,"jrm"
"hob_5_21",0,0,"jrm"
"hob_6_27",0,0,"jrm"
"kon_12_1",0,0,"jrm"
"kon_12_2",0,0,"jrm"
"kon_12_3",0,0,"jrm"
"kon_17_2",0,0,"jrm"
"kon_6_2",0,0,"jrm"
"kon_6_5",0,0,"jrm"
"kon_8_3",0,0,"jrm"
"mur_1_2",0,0,"jrm"
"mur_1_3",0,0,"jrm"
"mur_1_4",0,0,"jrm"
"mur_1_5",0,0,"jrm"
"mur_1_6",0,0,"jrm"
"mur_2_1",0,0,"jrm"
"mur_2_10",0,0,"jrm"
"mur_2_11",0,0,"jrm"
"mur_2_3",0,0,"jrm"
"mur_2_4",0,0,"jrm"
"mur_2_5",0,0,"jrm"
"mur_2_6",0,0,"jrm"
"mur_2_8",0,0,"jrm"
"mur_2_9",0,0,"jrm"
"mur_3_7",0,0,"jrm"
"mur_4_10",0,0,"jrm"
"mur_4_2",0,0,"jrm"
"mur_4_3",0,0,"jrm"
"mur_4_4",0,0,"jrm"
"mur_4_5",0,0,"jrm"
"mur_4_6",0,0,"jrm"
"mur_4_7",0,0,"jrm"
"mur_4_8",0,0,"jrm"
"mur_5_1",0,0,"jrm"
"mur_5_10",0,0,"jrm"
"mur_5_2",0,0,"jrm"
"mur_5_4",0,0,"jrm"
"mur_5_5",0,0,"jrm"
"mur_5_6",0,0,"jrm"
"mur_5_7",0,0,"jrm"
"mur_5_8",0,0,"jrm"
"mur_5_9",0,0,"jrm"
"mur_6_1",0,0,"jrm"
"mur_6_10",0,0,"jrm"
"mur_6_2",0,0,"jrm"
"mur_6_3",0,0,"jrm"
"mur_6_4",0,0,"jrm"
"mur_6_5",0,0,"jrm"
"mur_6_6",0,0,"jrm"
"ndf_14_41",0,0,"jrm"
"oed_2_87",0,0,"jrm"
"pfa_1_1",0,0,"jrm"
"s47_1_221",0,0,"jrm"
"s54_1_62",0,0,"jrm"
"s54_2_21",0,0,"jrm"
"s54_2_212",0,0,"jrm"
"san_110103_4",0,0,"jrm"
"san_110203_6",0,0,"jrm"
"san_110302_10",0,0,"jrm"
"san_110303_1",0,0,"jrm"
"san_110400_3",0,0,"jrm"
"san_110401_1",0,0,"jrm"
"san_110402_10",0,0,"jrm"
"san_110402_4",0,0,"jrm"
"san_110403_1",0,0,"jrm"
"san_110500_5",0,0,"jrm"
"san_110501_26",0,0,"jrm"
"san_110502_1",0,0,"jrm"
"san_110600_10",0,0,"jrm"
"san_110601_32",0,0,"jrm"
"san_120002_5",0,0,"jrm"
"san_120003_2",0,0,"jrm"
"san_120101_16",0,0,"jrm"
"san_120103_12",0,0,"jrm"
"san_120204_13",0,0,"jrm"
"san_120301_9",0,0,"jrm"
"san_120304_4",0,0,"jrm"
"z61_1_1",0,0,"jrm"
"z61_1_3",0,0,"jrm"
"z61_2_7",0,0,"jrm"
"z61_3_1",0,0,"jrm"
"z61_3_2",0,0,"jrm"
"z62_4_1",0,0,"jrm"
"z62_4_3",0,0,"jrm"
"z63_112_37",0,0,"jrm"
"z63_213_21",0,0,"jrm"
"z63_223_16",0,0,"jrm"
